{
	"info": {
		"_postman_id": "9cc5c0dc-c2f4-4048-8b03-ba6c13b983ca",
		"name": "Fox",
		"schema": "https://schema.getpostman.com/json/collection/v2.1.0/collection.json"
	},
	"item": [
		{
			"name": "PostUserDetails",
			"request": {
				"method": "POST",
				"header": [],
				"body": {
					"mode": "raw",
					"raw": "{\r\n    \"name\": \"Pournima\",\r\n    \"email\": \"Pournimawadkar@gmail.com\",\r\n    \"contact\": \"9881155044\",\r\n    \"pincode\": \"401105\"\r\n}",
					"options": {
						"raw": {
							"language": "json"
						}
					}
				},
				"url": {
					"raw": "http://localhost:8080/userApp/postUserDetails",
					"protocol": "http",
					"host": [
						"localhost"
					],
					"port": "8080",
					"path": [
						"userApp",
						"postUserDetails"
					]
				}
			},
			"response": []
		},
		{
			"name": "getUserDetailsByEmail",
			"request": {
				"method": "POST",
				"header": [],
				"body": {
					"mode": "raw",
					"raw": "{\r\n\r\n    \"email\": \"Pournimawadkar@gmail.com\"\r\n\r\n}",
					"options": {
						"raw": {
							"language": "json"
						}
					}
				},
				"url": {
					"raw": "http://localhost:8080/userApp/getUserDetailsByEmail",
					"protocol": "http",
					"host": [
						"localhost"
					],
					"port": "8080",
					"path": [
						"userApp",
						"getUserDetailsByEmail"
					]
				}
			},
			"response": []
		},
		{
			"name": "getUserDetailsByContact",
			"request": {
				"method": "POST",
				"header": [],
				"body": {
					"mode": "raw",
					"raw": "{\r\n\r\n    \"contact\": \"9881155044\"\r\n\r\n}",
					"options": {
						"raw": {
							"language": "json"
						}
					}
				},
				"url": {
					"raw": "http://localhost:8080/userApp/getUserDetailsByContact",
					"protocol": "http",
					"host": [
						"localhost"
					],
					"port": "8080",
					"path": [
						"userApp",
						"getUserDetailsByContact"
					]
				}
			},
			"response": []
		}
	]
}